id,first_name,last_name,email,address,postal_code,city,created,updated,paid,coupon_id,discount
1,Test,Test,test@test.be,42 Rue du Test,4242,TestVille,2020-10-27 09:41:24.231096,2020-10-27 09:41:24.231096,0, ,,0
2,Test,Test,test@test.be,42 Rue du Test,4242,TestVille,2020-10-27 09:46:59.698053,2020-10-27 09:46:59.698053,0, ,,0
3,Test,Test,test@test.be,42 Rue du Test,4242,TestVille,2020-10-27 09:48:49.142357,2020-10-27 09:48:49.142357,0, ,,0
4,Test,Test,test@ttttt.te,42 test avenue,4242,Testcity,2020-10-27 09:49:59.123989,2020-10-27 09:49:59.123989,0, ,,0
5,gg,gg,ggggg@ggggg.be,42 ggggg,4242,gggggg,2020-10-27 09:54:50.065199,2020-10-27 09:54:50.078139,1, ,,0
6,bouh,bouh,bouh@bouh.be,42 bouhrue,4242,Bouhville,2020-10-27 10:16:00.830900,2020-10-27 10:16:00.844479,1, ,,0
7,Coucou,Coucou,coucou@coucou.be,Rue du Koukou,5000,CoucouV,2020-10-27 10:26:29.678652,2020-10-27 10:26:29.692614,1, ,,0
8,Coucou,Coucou,coucou@coucou.be,Rue du Koukou,5000,CoucouV,2020-10-27 10:27:20.159252,2020-10-27 10:27:20.171221,1, ,,0
9,takaza,toukoudou,plouf@hotmail.com,4 rue du pin,2584,Tournai,2020-10-27 12:55:31.600990,2020-10-27 12:55:31.613956,1, ,,0
10,a,a,a@s.com,a,a,a,2020-11-14 11:09:07.947458,2020-11-14 11:09:07.975442,1, ,,0
11,a,u,o@o.com,a,a,a,2020-11-14 13:12:06.997130,2020-11-14 13:12:07.023115,1, ,,0
12,a,a,a@o.com,o,o,o,2020-11-15 09:21:55.333982,2020-11-15 09:21:55.370960,1, ,,0
13,a,a,a@a.com,a,a,a,2020-11-29 10:59:05.688962,2020-11-29 10:59:05.733937,1, ,,0
14,a,a,a@a.com,a,a,a,2020-11-29 11:45:58.397823,2020-11-29 11:45:58.433802,1, ,,0
15,a,z,e@e.com,sa,sa,sa,2020-11-29 11:47:03.706402,2020-11-29 11:47:03.732401,1, ,,0
16,a,z,a@a.com,a,a,a,2020-11-29 13:01:10.881715,2020-11-29 13:01:10.924678,1, ,,0
